{
  "roi": {
    "top_y_pct": 0.6285714285714286,
    "bottom_y_pct": 0.9071428571428571,
    "top_left_x_pct": 0.45710455764075064,
    "top_right_x_pct": 0.5857908847184986,
    "bottom_left_x_pct": 0.10991957104557641,
    "bottom_right_x_pct": 0.9222520107238606
  }
}