{
  "roi": {
    "top_y_pct": 0.6285714285714286,
    "bottom_y_pct": 0.8952380952380952,
    "top_left_x_pct": 0.44906166219839144,
    "top_right_x_pct": 0.6032171581769437,
    "bottom_left_x_pct": 0.1836461126005362,
    "bottom_right_x_pct": 0.8994638069705093
  },
  "warp": {
    "src_top_y_pct": 0.6285714285714286,
    "src_bottom_y_pct": 0.8928571428571428,
    "src_top_left_x_pct": 0.4450402144772118,
    "src_top_right_x_pct": 0.6085790884718498,
    "src_bottom_left_x_pct": 0.1863270777479893,
    "src_bottom_right_x_pct": 0.9
  }
}